<?xml version="1.0" encoding="UTF-8"?>
<!DOCTYPE module PUBLIC "-//Puppy Crawl//DTD Check Configuration 1.3//EN" "http://www.puppycrawl.com/dtds/configuration_1_3.dtd">

<!--
    This configuration file was written by the eclipse-cs plugin configuration editor
-->
<!--
    Checkstyle-Configuration: SoundHelix
    Description: 
SoundHelix checkstyle configuration
-->
<module name="Checker">
  <property name="severity" value="warning"/>
  <module name="TreeWalker">
    <property name="tabWidth" value="4"/>
    <module name="JavadocMethod">
      <property name="severity" value="warning"/>
    </module>
    <module name="JavadocType">
      <property name="severity" value="warning"/>
    </module>
    <module name="JavadocVariable">
      <property name="severity" value="warning"/>
    </module>
    <module name="JavadocStyle">
      <property name="severity" value="warning"/>
      <property name="checkEmptyJavadoc" value="true"/>
    </module>
    <module name="ConstantName"/>
    <module name="LocalFinalVariableName"/>
    <module name="LocalVariableName"/>
    <module name="MemberName"/>
    <module name="MethodName"/>
    <module name="PackageName"/>
    <module name="ParameterName"/>
    <module name="StaticVariableName"/>
    <module name="TypeName"/>
    <module name="AvoidStarImport"/>
    <module name="IllegalImport"/>
    <module name="RedundantImport"/>
    <module name="UnusedImports"/>
    <module name="LineLength">
      <property name="max" value="150"/>
      <property name="tabWidth" value="4"/>
    </module>
    <module name="MethodLength"/>
    <module name="ParameterNumber"/>
    <module name="EmptyForIteratorPad"/>
    <module name="GenericWhitespace"/>
    <module name="MethodParamPad"/>
    <module name="NoWhitespaceAfter"/>
    <module name="NoWhitespaceBefore"/>
    <module name="OperatorWrap"/>
    <module name="ParenPad"/>
    <module name="TypecastParenPad"/>
    <module name="WhitespaceAfter"/>
    <module name="WhitespaceAround"/>
    <module name="ModifierOrder"/>
    <module name="RedundantModifier"/>
    <module name="AvoidNestedBlocks"/>
    <module name="EmptyBlock">
      <property name="tokens" value="LITERAL_DO,LITERAL_ELSE,LITERAL_FINALLY,LITERAL_IF,LITERAL_FOR,LITERAL_TRY,LITERAL_WHILE,STATIC_INIT"/>
    </module>
    <module name="LeftCurly">
      <property name="maxLineLength" value="120"/>
    </module>
    <module name="NeedBraces"/>
    <module name="RightCurly"/>
    <module name="AvoidInlineConditionals">
      <property name="severity" value="ignore"/>
      <metadata name="net.sf.eclipsecs.core.lastEnabledSeverity" value="inherit"/>
    </module>
    <module name="EmptyStatement"/>
    <module name="EqualsHashCode"/>
    <module name="IllegalInstantiation"/>
    <module name="InnerAssignment"/>
    <module name="MagicNumber">
      <property name="severity" value="ignore"/>
      <metadata name="net.sf.eclipsecs.core.lastEnabledSeverity" value="inherit"/>
    </module>
    <module name="MissingSwitchDefault"/>
    <module name="RedundantThrows"/>
    <module name="SimplifyBooleanExpression"/>
    <module name="SimplifyBooleanReturn"/>
    <module name="DesignForExtension">
      <property name="severity" value="ignore"/>
      <metadata name="net.sf.eclipsecs.core.lastEnabledSeverity" value="inherit"/>
    </module>
    <module name="FinalClass"/>
    <module name="HideUtilityClassConstructor"/>
    <module name="InterfaceIsType"/>
    <module name="VisibilityModifier">
      <property name="protectedAllowed" value="true"/>
    </module>
    <module name="ArrayTypeStyle"/>
    <module name="FinalParameters">
      <property name="severity" value="ignore"/>
      <metadata name="net.sf.eclipsecs.core.lastEnabledSeverity" value="inherit"/>
    </module>
    <module name="TodoComment"/>
    <module name="UpperEll"/>
    <module name="DefaultComesLast"/>
    <module name="DeclarationOrder"/>
    <module name="IllegalCatch">
      <property name="severity" value="ignore"/>
      <metadata name="net.sf.eclipsecs.core.lastEnabledSeverity" value="inherit"/>
    </module>
    <module name="JUnitTestCase"/>
    <module name="UnnecessaryParentheses"/>
    <module name="AnonInnerLength">
      <property name="max" value="60"/>
    </module>
    <module name="ArrayTrailingComma">
      <property name="severity" value="ignore"/>
      <metadata name="net.sf.eclipsecs.core.lastEnabledSeverity" value="inherit"/>
    </module>
    <module name="BooleanExpressionComplexity">
      <property name="max" value="8"/>
    </module>
    <module name="ClassFanOutComplexity">
      <property name="max" value="30"/>
    </module>
    <module name="CyclomaticComplexity">
      <property name="max" value="20"/>
    </module>
    <module name="EmptyForIteratorPad"/>
    <module name="ExecutableStatementCount">
      <property name="max" value="50"/>
      <property name="tokens" value="INSTANCE_INIT,STATIC_INIT,METHOD_DEF,CTOR_DEF"/>
    </module>
    <module name="ExplicitInitialization"/>
    <module name="IllegalThrows"/>
    <module name="IllegalType"/>
    <module name="MissingCtor">
      <property name="severity" value="ignore"/>
      <metadata name="net.sf.eclipsecs.core.lastEnabledSeverity" value="info"/>
    </module>
    <module name="ModifiedControlVariable"/>
    <module name="MultipleVariableDeclarations"/>
    <module name="NPathComplexity"/>
    <module name="NestedIfDepth">
      <property name="max" value="4"/>
    </module>
    <module name="NestedTryDepth">
      <property name="max" value="2"/>
    </module>
    <module name="NoClone"/>
    <module name="NoFinalizer"/>
    <module name="PackageDeclaration"/>
    <module name="ParameterAssignment">
      <property name="severity" value="ignore"/>
      <metadata name="net.sf.eclipsecs.core.lastEnabledSeverity" value="inherit"/>
    </module>
    <module name="RequireThis">
      <property name="severity" value="ignore"/>
      <metadata name="net.sf.eclipsecs.core.lastEnabledSeverity" value="inherit"/>
    </module>
    <module name="SimplifyBooleanExpression"/>
    <module name="SimplifyBooleanReturn"/>
    <module name="StringLiteralEquality"/>
    <module name="SuperClone"/>
    <module name="ThrowsCount">
      <property name="max" value="5"/>
    </module>
    <module name="TrailingComment"/>
    <module name="RegexpSinglelineJava">
      <property name="severity" value="ignore"/>
      <property name="format" value="(.*)new Date\(( *)(\d+),( *)(\d+),( *)(\d+)( *)\)(.*)"/>
      <property name="message" value="Dates should be instanciated using DateUtils.convertIntoValidDate Or the Calendar class."/>
      <metadata name="com.atlassw.tools.eclipse.checkstyle.comment" value="Dates should be instanciated using DateUtils.convertIntoValidDate Or the Calendar class."/>
      <metadata name="net.sf.eclipsecs.core.lastEnabledSeverity" value="error"/>
    </module>
    <module name="RegexpSinglelineJava">
      <property name="severity" value="warning"/>
      <property name="format" value="(.*)System.(out|err).print(.*)"/>
      <property name="message" value="Use logger methods to log messages and not system.out calls."/>
      <metadata name="com.atlassw.tools.eclipse.checkstyle.comment" value="SYSOUT: Do not use either System.out.xxx or System.err.xxxx. Use logger methods instead."/>
      <metadata name="net.sf.eclipsecs.core.lastEnabledSeverity" value="error"/>
    </module>
    <module name="RegexpSinglelineJava">
      <property name="severity" value="ignore"/>
      <property name="format" value="(.*)new BigDecimal\([0-9]+\.[0-9]+\)(.*)"/>
      <property name="message" value="new BigDecimal(double) found. Replace with MathHelper.newBigDecimal(double) instead."/>
      <metadata name="com.atlassw.tools.eclipse.checkstyle.comment" value="new BigDecimal(double) should never be used! Use MathHelper.newBigDecimal(double) instead."/>
      <metadata name="net.sf.eclipsecs.core.lastEnabledSeverity" value="error"/>
    </module>
    <module name="RegexpSinglelineJava">
      <property name="severity" value="ignore"/>
      <property name="format" value="(.*)new BigDecimal\((.+)\.doubleValue\(\)\)(.*)"/>
      <metadata name="net.sf.eclipsecs.core.lastEnabledSeverity" value="error"/>
    </module>
    <module name="EmptyBlock">
      <property name="severity" value="info"/>
      <property name="tokens" value="LITERAL_DO,LITERAL_ELSE,LITERAL_FINALLY,LITERAL_IF,LITERAL_FOR,LITERAL_TRY,LITERAL_WHILE,STATIC_INIT"/>
    </module>
    <module name="HiddenField">
      <property name="severity" value="info"/>
      <property name="ignoreConstructorParameter" value="true"/>
      <property name="ignoreSetter" value="true"/>
      <property name="ignoreAbstractMethods" value="true"/>
    </module>
    <module name="AbstractClassName">
      <property name="format" value="^Abstract.*$"/>
    </module>
    <module name="ClassTypeParameterName"/>
    <module name="AvoidStaticImport">
      <property name="severity" value="ignore"/>
      <metadata name="net.sf.eclipsecs.core.lastEnabledSeverity" value="inherit"/>
    </module>
    <module name="OuterTypeNumber"/>
    <module name="EmptyForInitializerPad"/>
    <module name="CovariantEquals">
      <property name="severity" value="warning"/>
    </module>
    <module name="FallThrough"/>
    <module name="MultipleStringLiterals">
      <property name="severity" value="ignore"/>
      <metadata name="net.sf.eclipsecs.core.lastEnabledSeverity" value="inherit"/>
    </module>
    <module name="SuperFinalize">
      <property name="severity" value="error"/>
    </module>
    <module name="InnerTypeLast">
      <property name="severity" value="warning"/>
    </module>
    <module name="MutableException">
      <property name="severity" value="warning"/>
    </module>
    <module name="ClassDataAbstractionCoupling">
      <property name="max" value="15"/>
    </module>
    <module name="Indentation">
      <property name="severity" value="info"/>
    </module>
    <module name="HiddenField">
      <property name="ignoreConstructorParameter" value="true"/>
      <property name="ignoreSetter" value="true"/>
      <property name="ignoreAbstractMethods" value="true"/>
    </module>
    <module name="MissingOverride">
      <property name="severity" value="warning"/>
      <property name="javaFiveCompatibility" value="true"/>
    </module>
    <module name="NestedForDepth">
      <property name="max" value="4"/>
    </module>
  </module>
  <module name="JavadocPackage">
    <property name="severity" value="ignore"/>
    <property name="allowLegacy" value="true"/>
    <metadata name="net.sf.eclipsecs.core.lastEnabledSeverity" value="warning"/>
  </module>
  <module name="NewlineAtEndOfFile">
    <property name="severity" value="ignore"/>
    <metadata name="net.sf.eclipsecs.core.lastEnabledSeverity" value="inherit"/>
  </module>
  <module name="Translation"/>
  <module name="FileLength"/>
  <module name="FileTabCharacter">
    <property name="severity" value="info"/>
    <property name="eachLine" value="true"/>
    <metadata name="net.sf.eclipsecs.core.lastEnabledSeverity" value="info"/>
  </module>
  <module name="RegexpSingleline">
    <property name="severity" value="ignore"/>
    <property name="format" value="\s+$"/>
    <property name="message" value="Line has trailing spaces."/>
    <metadata name="net.sf.eclipsecs.core.lastEnabledSeverity" value="info"/>
  </module>
  <module name="StrictDuplicateCode">
    <property name="min" value="20"/>
  </module>
  <module name="RegexpMultiline">
    <property name="severity" value="warning"/>
    <property name="format" value="^ \* @author .* \(.+\)$"/>
    <property name="message" value="Tag @author is missing in class Javadoc"/>
    <property name="minimum" value="1"/>
    <property name="maximum" value="1"/>
    <metadata name="net.sf.eclipsecs.core.lastEnabledSeverity" value="warning"/>
  </module>
</module>
